checksum1,checksum2,dataset,dataset_type,join_chunk,join_count,join_schedule,join_task_grain,join_threads,join_throughput,join_time,max_key,mpi_nodes,mpi_partition_strategy,nr,ns,offset_task_grain,partition_block_size,partition_chunk,partition_schedule,partition_task_grain,partition_threads,partition_throughput,partition_time,skew_fraction,skew_partition_fraction,time_sec,total_throughput,verified
6185417096973469475,16931092769743058723,uniform,uniform,0,2499986166,static,1,1,67967637.306313,1.471288,1000000,1,block,50000000,50000000,1,32768,0,static,1,1,51782356.445170,1.931160,0.000000,1.000000,3.404906,29369390.192462,false
12610816366499644757,12079717592018431889,skewed,skewed_90_5,0,40578723119,static,1,1,61120393.575731,1.636115,1000000,1,block,50000000,50000000,1,32768,0,static,1,1,88841428.914464,1.125601,0.900000,0.050000,2.764080,36178401.683585,false
12347604091913951299,2033051395823430535,skewed,skewed_90_1,0,173507209024,static,1,1,42832059.414350,2.334700,1000000,1,block,50000000,50000000,1,32768,0,static,1,1,126145650.184315,0.792734,0.900000,0.010000,3.129557,31953407.324825,false
