checksum1,checksum2,dataset_type,join_chunk,join_count,join_schedule,join_threads,join_throughput,join_time,max_key,mpi_active_ranks,mpi_nodes,mpi_partition_strategy,mpi_processes,mpi_world_size,nr,ns,partition_block_size,partition_chunk,partition_schedule,partition_threads,partition_throughput,partition_time,redistribution_throughput,redistribution_time,time_sec,total_throughput,verified
6185417096973469475,16931092769743058723,uniform,4,2499986166,guided,16,347297955.082426,0.287937,1000000,1,1,block,1,1,50000000,50000000,32768,4,guided,16,248615025.822632,0.402228,15007433.716875,6.663364,7.359495,13587888.617694,false
6185417096973469475,16931092769743058723,uniform,4,2499986166,guided,16,353144963.449127,0.283170,1000000,1,1,cyclic,1,1,50000000,50000000,32768,4,guided,16,247270614.579022,0.404415,20443996.093952,4.891412,5.585018,17905046.210419,false
12610816366499644757,12079717592018431889,skewed_90_5,4,40578723119,guided,16,242792962.267640,0.411874,1000000,1,1,block,1,1,50000000,50000000,32768,4,guided,16,272926710.657916,0.366399,14984503.944208,6.673561,7.457817,13408748.795138,false
